id,entityId1,entityId2
0,443,618
1,625,459
2,313,725
3,636,692
4,1039,900
5,195,279
6,881,838
7,475,619
8,638,373
9,343,436
10,427,501
11,463,564
12,1,151
13,305,389
14,829,909
15,883,677
16,183,278
17,417,291
18,148,243
19,447,893
20,491,292
21,757,897
22,596,818
23,952,943
24,27,47
25,915,993
26,830,836
27,789,288
28,719,879
29,244,324
30,1006,711
31,698,543
32,1025,1039
33,791,128
34,452,493
35,41,796
36,222,251
37,720,786
38,708,732
39,465,565
40,63,23
41,513,535
42,126,29
43,1062,1073
44,903,932
45,1052,999
46,112,51
47,731,872
48,684,822
49,769,816
50,50,55
51,934,554
52,87,71
53,39,969
54,562,710
55,275,852
56,610,682
57,166,814
58,891,908
59,439,542
60,322,153
61,159,236
62,611,604
63,419,299
64,940,940
65,389,601
66,539,578
67,843,807
68,560,746
69,711,638
70,330,377
71,342,408
72,1003,983
73,868,779
74,879,895
75,125,127
76,258,203
77,460,861
78,393,422
79,31,631
80,462,698
81,76,111
82,257,309
83,98,190
84,368,455
85,284,120
86,366,476
87,52,61
88,696,754
89,100,26
90,248,177
91,430,306
92,927,1016
93,174,179
94,501,541
95,124,82
96,787,505
97,671,769
98,220,310
99,857,842
100,453,437
101,440,481
102,855,1011
103,36,225
104,976,1052
105,517,395
106,208,290
107,198,89
108,905,958
109,964,1029
110,660,657
111,929,1017
112,378,521
113,269,345
114,224,140
115,548,860
116,437,741
117,613,625
118,235,215
119,682,885
120,75,224
121,897,562
122,246,211
123,26,198
124,409,95
125,1055,649
126,441,568
127,13,194
128,139,904
129,612,716
130,1043,722
131,1050,1071
132,710,773
133,995,607
134,733,761
135,515,579
136,162,110
137,221,249
138,786,615
139,697,756
140,904,907
141,319,464
142,89,20
143,707,876
144,1053,982
145,551,587
146,782,795
147,615,474
148,575,641
149,661,609
150,28,48
151,722,723
152,635,721
153,101,133
154,941,976
155,978,926
156,320,387
157,990,1004
158,641,231
159,127,27
160,237,14
161,42,797
162,372,171
163,502,545
164,988,104
165,271,369
166,916,995
167,464,590
168,23,479
169,949,305
170,413,727
171,685,831
172,966,942
173,1001,1075
174,955,948
175,138,30
176,514,537
177,737,612
178,648,701
179,860,491
180,247,322
181,892,930
182,17,830
183,149,267
184,1063,1074
185,367,454
186,200,131
187,259,217
188,172,257
189,141,933
190,331,378
191,418,320
192,833,840
193,431,269
194,2,33
195,734,870
196,626,460
197,686,606
198,173,330
199,1038,1072
200,854,997
201,663,621
202,88,49
203,395,185
204,77,107
205,1071,382
206,932,669
207,371,285
208,184,272
209,861,418
210,466,591
211,433,85
212,977,1037
213,832,936
214,434,2
215,197,240
216,490,650
217,670,894
218,878,1062
219,296,368
220,380,388
221,880,896
222,369,452
223,14,44
224,561,750
225,979,1024
226,770,782
227,666,229
228,199,233
229,358,162
230,516,396
231,150,205
232,86,207
233,928,1015
234,175,180
235,972,393
236,1028,906
237,345,409
238,233,287
239,632,1009
240,856,1010
241,37,167
242,954,912
243,858,843
244,747,626
245,270,340
246,930,1014
247,820,705
248,538,632
249,818,70
250,1075,17
251,709,775
252,906,957
253,933,914
254,444,561
255,104,112
256,227,123
257,688,772
258,810,888
259,347,429
260,446,403
261,103,201
262,79,146
263,982,977
264,836,809
265,640,693
266,298,412
267,80,75
268,593,504
269,821,15
270,1030,1063
271,201,276
272,377,7
273,591,679
274,1013,473
275,1058,832
276,813,691
277,592,603
278,396,487
279,908,1001
280,563,967
281,519,524
282,1031,1040
283,250,331
284,178,165
285,70,937
286,5,188
287,274,390
288,616,684
289,567,654
290,348,399
291,424,238
292,689,770
293,665,718
294,1014,427
295,203,164
296,202,253
297,541,791
298,714,767
299,1057,971
300,667,576
301,837,805
302,959,919
303,374,327
304,299,413
305,153,244
306,1056,1070
307,909,987
308,32,50
309,56,106
310,642,622
311,494,617
312,351,202
313,814,690
314,1007,913
315,568,634
316,542,744
317,294,847
318,495,551
319,983,1007
320,225,433
321,398,410
322,520,523
323,469,662
324,958,1035
325,276,301
326,796,149
327,179,166
328,738,875
329,55,222
330,766,602
331,885,964
332,300,367
333,690,768
334,106,91
335,1020,8
336,8,37
337,795,256
338,45,1069
339,1065,375
340,6,210
341,155,134
342,543,703
343,617,706
344,715,766
345,953,13
346,741,667
347,946,184
348,64,72
349,82,68
350,1044,241
351,723,675
352,154,237
353,937,934
354,505,339
355,1034,924
356,400,449
357,38,189
358,180,130
359,33,195
360,771,793
361,7,158
362,1037,837
363,627,461
364,740,760
365,134,9
366,15,56
367,329,57
368,229,317
369,1070,557
370,57,105
371,108,121
372,645,1018
373,425,283
374,205,263
375,432,268
376,1033,1021
377,965,670
378,161,234
379,594,594
380,825,5
381,332,381
382,643,623
383,840,808
384,845,810
385,910,989
386,669,664
387,454,499
388,130,200
389,328,295
390,893,928
391,401,239
392,1011,954
393,129,853
394,815,694
395,449,494
396,1048,353
397,1064,506
398,1060,981
399,917,988
400,251,405
401,620,640
402,349,1031
403,569,637
404,647,446
405,40,54
406,521,525
407,523,500
408,554,402
409,226,434
410,717,785
411,308,342
412,470,661
413,739,1006
414,721,880
415,1042,293
416,325,552
417,649,715
418,691,752
419,522,588
420,185,314
421,798,67
422,302,416
423,553,490
424,394,833
425,693,730
426,503,547
427,797,159
428,1068,326
429,1041,947
430,886,963
431,912,991
432,624,747
433,252,346
434,644,709
435,942,979
436,838,859
437,597,516
438,552,586
439,811,1055
440,1017,477
441,576,642
442,58,65
443,278,371
444,381,453
445,403,103
446,498,548
447,991,1025
448,935,1002
449,790,887
450,260,262
451,767,610
452,545,745
453,210,318
454,862,922
455,9,176
456,137,235
457,1021,10
458,279,297
459,851,364
460,852,974
461,765,790
462,236,214
463,544,704
464,776,6
465,1073,374
466,177,445
467,1010,1066
468,111,351
469,131,172
470,547,583
471,65,74
472,595,572
473,526,724
474,984,1056
475,772,792
476,228,315
477,404,616
478,350,432
479,357,420
480,839,804
481,673,819
482,34,36
483,214,3
484,589,644
485,668,665
486,1024,358
487,59,16
488,405,540
489,73,903
490,646,1019
491,181,132
492,114,122
493,204,271
494,756,90
495,535,1033
496,1040,514
497,473,1051
498,716,783
499,164,73
500,429,31
501,674,751
502,1009,1044
503,455,498
504,301,415
505,285,274
506,614,624
507,376,334
508,844,984
509,324,555
510,894,929
511,824,19
512,136,356
513,911,990
514,115,52
515,619,655
516,406,475
517,316,781
518,968,362
519,603,510
520,81,254
521,461,11
522,352,289
523,90,84
524,497,544
525,918,994
526,546,581
527,504,546
528,762,629
529,156,187
530,113,230
531,724,147
532,806,60
533,799,66
534,943,978
535,74,855
536,476,829
537,471,672
538,725,647
539,442,569
540,326,419
541,359,304
542,1022,1
543,527,696
544,621,515
545,209,469
546,254,258
547,165,32
548,985,1026
549,157,700
550,492,517
551,132,148
552,211,316
553,10,34
554,672,968
555,936,1003
556,450,965
557,768,613
558,550,857
559,863,923
560,186,352
561,412,1020
562,763,1032
563,1018,472
564,506,598
565,207,182
566,355,845
567,133,199
568,754,502
569,160,4
570,994,1060
571,29,43
572,426,448
573,777,643
574,105,466
575,336,383
576,622,574
577,849,812
578,718,784
579,828,507
580,231,250
581,191,136
582,981,901
583,913,992
584,117,142
585,573,570
586,287,372
587,354,273
588,1019,1057
589,282,113
590,93,96
591,599,428
592,385,441
593,78,80
594,402,391
595,556,584
596,525,456
597,702,758
598,694,755
599,971,960
600,598,533
601,238,363
602,842,800
603,67,221
604,963,355
605,448,740
606,66,312
607,303,486
608,750,886
609,967,666
610,652,827
611,35,196
612,873,916
613,135,143
614,43,175
615,128,28
616,864,986
617,312,380
618,62,59
619,311,462
620,524,534
621,580,663
622,472,728
623,20,40
624,107,313
625,18,208
626,272,370
627,745,714
628,480,776
629,500,549
630,921,1036
631,423,737
632,922,953
633,989,918
634,606,560
635,280,298
636,775,868
637,373,178
638,742,884
639,760,69
640,230,347
641,805,430
642,499,550
643,288,337
644,802,683
645,819,688
646,142,170
647,887,528
648,218,12
649,914,996
650,356,846
651,496,866
652,507,600
653,1015,798
654,631,553
655,997,246
656,703,720
657,931,975
658,281,277
659,140,349
660,572,697
661,167,156
662,451,495
663,118,129
664,962,1041
665,1069,1067
666,817,788
667,530,749
668,565,635
669,85,152
670,533,503
671,158,204
672,601,1005
673,890,891
674,335,558
675,865,921
676,872,1046
677,256,296
678,808,218
679,956,949
680,867,780
681,529,851
682,12,58
683,898,945
684,1012,1028
685,361,465
686,945,488
687,1049,702
688,998,93
689,94,97
690,176,155
691,232,181
692,338,325
693,1074,22
694,333,743
695,1046,294
696,379,1023
697,549,582
698,586,226
699,695,753
700,1027,485
701,53,124
702,793,806
703,532,614
704,110,100
705,386,443
706,866,844
707,239,361
708,938,1013
709,68,219
710,61,77
711,483,597
712,420,386
713,869,596
714,800,910
715,1045,328
716,751,883
717,1061,1049
718,581,656
719,353,421
720,628,858
721,411,440
722,151,186
723,744,738
724,996,1043
725,249,862
726,923,959
727,939,939
728,752,817
729,477,425
730,459,563
731,44,191
732,223,357
733,1067,611
734,1072,882
735,889,1048
736,728,765
737,307,118
738,289,341
739,792,802
740,484,539
741,407,24
742,678,825
743,735,874
744,119,119
745,780,713
746,785,141
747,834,329
748,292,99
749,807,522
750,584,439
751,414,376
752,3,192
753,774,1058
754,145,174
755,656,620
756,364,431
757,692,873
758,240,333
759,1059,94
760,755,599
761,679,915
762,215,365
763,315,406
764,467,592
765,95,87
766,241,404
767,263,480
768,121,126
769,874,973
770,46,209
771,899,946
772,170,157
773,415,161
774,1004,571
775,664,628
776,334,742
777,362,608
778,924,925
779,169,245
780,387,442
781,144,275
782,587,228
783,875,1047
784,194,81
785,391,259
786,687,771
787,841,803
788,582,648
789,511,538
790,633,513
791,487,482
792,363,400
793,340,398
794,253,447
795,508,653
796,705,826
797,192,261
798,608,685
799,564,739
800,509,580
801,48,63
802,482,778
803,291,379
804,143,242
805,901,951
806,850,956
807,974,1042
808,485,530
809,309,941
810,54,64
811,265,360
812,435,726
813,69,247
814,146,138
815,729,764
816,510,652
817,602,1068
818,680,877
819,753,828
820,658,660
821,809,889
822,22,62
823,267,344
824,900,917
825,537,471
826,784,307
827,120,265
828,445,892
829,1029,451
830,337,687
831,365,270
832,390,384
833,764,527
834,314,407
835,24,42
836,410,633
837,317,302
838,1054,435
839,344,109
840,607,674
841,243,308
842,84,145
843,779,734
844,196,116
845,71,108
846,926,972
847,370,463
848,216,366
849,704,966
850,339,397
851,585,605
852,217,282
853,122,135
854,826,935
855,489,394
856,859,839
857,168,255
858,512,536
859,655,794
860,219,281
861,96,88
862,634,651
863,559,577
864,759,519
865,481,911
866,975,1022
867,788,593
868,973,1034
869,341,401
870,783,423
871,383,1012
872,583,639
873,902,952
874,950,898
875,876,1061
876,416,163
877,99,18
878,888,489
879,388,444
880,853,927
881,290,385
882,123,78
883,588,227
884,25,21
885,531,864
886,147,139
887,758,457
888,0,53
889,736,820
890,47,79
891,882,575
892,266,336
893,609,708
894,242,280
895,438,567
896,293,144
897,681,878
898,21,193
899,436,736
900,397,284
901,630,849
902,659,659
903,657,658
904,268,343
905,277,508
906,1047,1059
907,536,630
908,1036,1008
909,534,627
910,683,719
911,193,260
912,392,300
913,346,424
914,877,835
915,245,212
916,97,38
917,1035,183
918,662,252
919,1000,1038
920,171,45
921,49,101
922,72,76
923,558,863
924,318,699
925,884,266
926,188,854
927,486,532
928,488,529
929,827,905
930,732,762
931,925,962
932,706,871
933,730,763
934,295,168
935,835,799
936,727,509
937,748,813
938,474,1030
939,116,25
940,713,686
941,600,821
942,375,1064
943,163,232
944,234,483
945,847,811
946,540,712
947,262,213
948,283,520
949,456,497
950,919,980
951,999,484
952,421,348
953,676,673
954,327,970
955,604,511
956,91,86
957,187,311
958,1005,1027
959,1002,248
960,993,998
961,577,717
962,944,985
963,557,338
964,1016,114
965,261,332
966,700,759
967,1051,303
968,699,850
969,654,492
970,1032,834
971,951,417
972,726,92
973,920,944
974,428,223
975,286,319
976,212,321
977,871,920
978,712,774
979,255,856
980,846,955
981,618,848
982,310,392
983,987,938
984,408,450
985,382,559
986,493,518
987,264,115
988,16,220
989,306,117
990,578,680
991,109,98
992,822,478
993,778,468
994,816,789
995,675,824
996,102,206
997,848,801
998,304,902
999,831,169
1000,360,354
1001,11,35
1002,528,748
1003,1008,787
1004,623,1054
1005,629,556
1006,60,46
1007,457,496
1008,773,899
1009,190,137
1010,650,869
1011,4,150
1012,803,458
1013,896,931
1014,92,83
1015,605,512
1016,83,197
1017,746,636
1018,870,1045
1019,384,426
1020,960,676
1021,948,731
1022,1023,0
1023,555,585
1024,961,1053
1025,701,757
1026,970,961
1027,30,41
1028,571,646
1029,677,707
1030,570,729
1031,651,823
1032,743,733
1033,749,881
1034,804,411
1035,895,1050
1036,639,695
1037,422,735
1038,189,264
1039,992,531
1040,823,890
1041,19,39
1042,213,323
1043,947,841
1044,321,467
1045,182,160
1046,458,470
1047,969,1065
1048,653,671
1049,479,777
1050,781,286
1051,51,350
1052,579,668
1053,206,216
1054,574,573
1055,1026,438
1056,801,681
1057,478,865
1058,273,359
1059,637,867
1060,761,815
1061,297,414
1062,794,125
1063,980,595
1064,590,678
1065,468,566
1066,152,173
1067,812,689
1068,399,154
1069,907,1000
1070,986,589
1071,957,950
1072,518,526
1073,1066,102
1074,323,335
1075,566,645
